id,diseaseNameBn,diseaseNameEn,symptomsBn,treatmentBn,preventionBn,severity
Pepper__bell___Bacterial_spot,ক্যাপসিকাম/মরিচের ব্যাকটেরিয়াল স্পট,Pepper Bell Bacterial Spot,"পাতায় ছোট গাঢ় বাদামী/কালো দাগ, দাগের চারপাশে হলুদ বলয়; ফলেও দাগ পড়তে পারে","আক্রান্ত পাতা সরিয়ে ফেলুন; কপার-ভিত্তিক ছত্রাকনাশক/ব্যাকটেরিসাইড কৃষি সম্প্রসারণ অফিসের নির্দেশিত মাত্রায় স্প্রে করুন; সেচের সময় পাতা ভেজানো এড়ান।","রোগমুক্ত বীজ/চারা ব্যবহার; ফসল আবর্তন; ঘন রোপণ এড়িয়ে চলুন; কাজের সরঞ্জাম জীবাণুমুক্ত রাখুন।",moderate
Pepper__bell___healthy,ক্যাপসিকাম/মরিচ — সুস্থ পাতা,Pepper Bell Healthy,স্পষ্ট রোগের লক্ষণ নেই,কোনো চিকিৎসা প্রয়োজন নেই।,নিয়মিত পর্যবেক্ষণ ও সুষম সার-সেচ চালিয়ে যান।,low
Potato___Early_blight,আলুর আগাম ধ্বসা,Potato Early Blight,"পাতায় গাঢ় বাদামী কেন্দ্রবিশিষ্ট দাগ, বৃত্তাকার বলয় (লক্ষ্যবোর্ড আকৃতি)","আক্রান্ত পাতা অপসারণ; ম্যানকোজেব বা ক্লোরোথ্যালোনিল নির্দেশিত মাত্রায় ৭–১০ দিন পর পর স্প্রে করুন।","পরিষ্কার বীজ আলু ব্যবহার; ফসল আবর্তন; অতিরিক্ত নাইট্রোজেন এড়ান।",moderate
Potato___Late_blight,আলুর নাবী ধ্বসা,Potato Late Blight,"পাতায় জলভেজা ধূসর-সবুজ দাগ, দ্রুত কালো হয়ে শুকিয়ে যায়; আর্দ্র আবহাওয়ায় ছড়ায়","আক্রান্ত গাছ সরিয়ে পুড়িয়ে/মিতে ফেলুন; অনুমোদিত ছত্রাকনাশক (যেমন মেটালাক্সিল+ম্যানকোজেব মিশ্রণ) নির্দেশিত মাত্রায় ব্যবহার করুন।","প্রতিরোধী জাত; নিবিড় পর্যবেক্ষণ বর্ষাকালে; ঘন কুয়াশা/বৃষ্টির পর স্প্রে পরিকল্পনা।",high
Potato___healthy,আলু — সুস্থ পাতা,Potato Healthy,স্পষ্ট রোগের লক্ষণ নেই,কোনো চিকিৎসা প্রয়োজন নেই।,নিয়মিত পর্যবেক্ষণ; ভালো নিকাশ ও সুষম সার ব্যবহার করুন।,low
Tomato_Bacterial_spot,টমেটোর ব্যাকটেরিয়াল স্পট,Tomato Bacterial Spot,"পাতায় ছোট পানিতে ভেজা দাগ যা বাদামী/কালো হয়; ফলে খসখসে দাগ","আক্রান্ত অংশ সরিয়ে ফেলুন; কপার স্প্রে নির্দেশিত মাত্রায়; সেচের সময় পাতা ভেজাবেন না।","রোগমুক্ত বীজ; ফসল আবর্তন; ভেজা অবস্থায় গাছ স্পর্শ/কাজ এড়ান।",moderate
Tomato_Early_blight,টমেটোর আগাম ধ্বসা রোগ,Tomato Early Blight,"পাতায় বাদামী গোল দাগ, দাগের চারপাশে হলুদ বলয়","আক্রান্ত পাতা সরিয়ে ফেলুন; প্রতি লিটার পানিতে ২ গ্রাম ম্যানকোজেব মিশিয়ে স্প্রে করুন, ৭–১০ দিন পর পর পুনরাবৃত্তি করুন।","ফসল আবর্তন করুন; সেচের সময় পাতা ভেজানো এড়িয়ে চলুন; মাটির স্প্ল্যাশ কমাতে মালচ ব্যবহার।",moderate
Tomato_Late_blight,টমেটোর নাবী ধ্বসা রোগ,Tomato Late Blight,"পাতায় জলভেজা দাগ, দ্রুত পাতা শুকিয়ে যায়; কাণ্ড ও ফলেও দাগ","আক্রান্ত গাছ সরিয়ে ফেলুন; কপার বা অনুমোদিত ছত্রাকনাশক নির্দেশিত মাত্রায় ব্যবহার করুন।","আর্দ্র আবহাওয়ায় নিবিড় পর্যবেক্ষণ; ঘন রোপণ এড়িয়ে চলুন।",high
Tomato_Leaf_Mold,টমেটোর পাতার ছাঁচ (লিফ মোল্ড),Tomato Leaf Mold,"পাতার নিচে জলপাই-সবুজ/ধূসর ছাঁচের আবরণ; উপরের দিকে হলুদ দাগ","বায়ু চলাচল বাড়ান; আক্রান্ত পাতা সরান; অনুমোদিত ছত্রাকনাশক নির্দেশিত মাত্রায় স্প্রে করুন।","গ্রিনহাউস/পলিহাউসে আর্দ্রতা কমান; ঘন পাতা ছেঁটে দিন।",moderate
Tomato_Septoria_leaf_spot,টমেটোর সেপ্টোরিয়া পাতাদাগ,Tomato Septoria Leaf Spot,"ছোট গোল দাগ, কেন্দ্র ধূসর/সাদাটে, চারপাশে গাঢ় বলয়; নিচের পাতা থেকে ওপরে ছড়ায়","নিচের আক্রান্ত পাতা সরান; ম্যানকোজেব/ক্লোরোথ্যালোনিল নির্দেশিত মাত্রায় স্প্রে করুন।","ফসল আবর্তন; মাটির স্প্ল্যাশ কমাতে মালচ; সেচের সময় পাতা ভেজাবেন না।",moderate
Tomato_Spider_mites_Two_spotted_spider_mite,টমেটোতে মাকড়সা মাইট (টু-স্পটেড),Tomato Two-Spotted Spider Mite,"পাতায় সূক্ষ্ম হলুদ বিন্দু/ঝলসানি, নিচে মাকড়সার জাল; পাতা শুকিয়ে যায়","পাতার নিচসহ পানি স্প্রে করে ধুয়ে দিন; প্রয়োজনে অনুমোদিত অ্যাকারিসাইড কৃষি অফিসের পরামর্শ অনুযায়ী।","ধুলাবালি কমান; উপকারী পোকা সংরক্ষণ; অতিরিক্ত নাইট্রোজেন এড়ান।",moderate
Tomato__Target_Spot,টমেটোর টার্গেট স্পট,Tomato Target Spot,"পাতায় বৃত্তাকার দাগ (লক্ষ্যবোর্ড আকৃতি); ফলেও দাগ পড়তে পারে","আক্রান্ত পাতা সরান; অনুমোদিত ছত্রাকনাশক নির্দেশিত মাত্রায় ঘুরিয়ে ফিরিয়ে স্প্রে করুন।","বায়ু চলাচল ভালো রাখুন; ভেজা পাতা কমান; ফসল আবর্তন।",moderate
Tomato__Tomato_YellowLeaf__Curl_Virus,টমেটোর হলুদ পাতা কুঁচকানো ভাইরাস (TYLCV),Tomato Yellow Leaf Curl Virus,"পাতা হলুদ ও উপরের দিকে কুঁকড়ে যায়; গাছের বৃদ্ধি ব্যাহত; ফল কম হয়","ভাইরাসের সরাসরি ওষুধ নেই — সাদামাছী (হোয়াইটফ্লাই) নিয়ন্ত্রণ করুন; আক্রান্ত গাছ সরিয়ে ফেলুন; প্রতিরোধী জাত লাগান।","নার্সারিতে জাল; আগাছা পরিষ্কার; সাদামাছী মনিটরিং ও হলুদ স্টিকি ট্র্যাপ।",high
Tomato__Tomato_mosaic_virus,টমেটোর মোজাইক ভাইরাস,Tomato Mosaic Virus,"পাতায় হালকা-গাঢ় সবুজ মোজাইক দাগ; পাতা বিকৃত/সরু হতে পারে","ভাইরাসের ওষুধ নেই — আক্রান্ত গাছ সরিয়ে ফেলুন; হাত ও সরঞ্জাম সাবান/ব্লিচ দ্রবণে পরিষ্কার করুন।","রোগমুক্ত বীজ; তামাক/সিগারেট নিয়ে ক্ষেতে ঢুকবেন না; সংক্রমিত সরঞ্জাম ব্যবহার করবেন না।",high
Tomato_healthy,টমেটো — সুস্থ পাতা,Tomato Healthy,স্পষ্ট রোগের লক্ষণ নেই,কোনো চিকিৎসা প্রয়োজন নেই।,নিয়মিত পর্যবেক্ষণ ও সুষম সার-সেচ চালিয়ে যান।,low
